,authors,date,meta_data,meta_description,meta_keywords,text,title,url
LP_2013111-7,François Cardinal,2013-01-11,"defaultdict(<class 'dict'>, {'description': ""La campagne de protestations Idle no more a une parenté évidente avec celle d'Occupy, mais aussi avec le printemps érable, trois mouvements populaires qui ont su..."", 'keywords': 'François Cardinal', 'og': {'title': 'Les racines de la colère | François Cardinal | François Cardinal', 'description': ""La campagne de protestations Idle no more a une parenté évidente avec celle d'Occupy, mais aussi avec le printemps érable, trois mouvements populaires qui ont su..."", 'url': 'http://www.lapresse.ca/debats/editoriaux/francois-cardinal/201301/10/01-4610192-les-racines-de-la-colere.php', 'site_name': 'La Presse', 'locale': 'fr_CA', 'type': 'article', 'image': 'http://images.lpcdn.ca/924x615/201301/02/627778-lien-manifeste-entre-idle-no.jpg'}, 'twitter': {'title': 'Les racines de la colère | François Cardinal | François Cardinal', 'description': ""La campagne de protestations Idle no more a une parenté évidente avec celle d'Occupy, mais aussi avec le printemps érable, trois mouvements populaires qui ont su..."", 'site': '@LP_LaPresse', 'card': 'summary_large_image', 'image': {'src': 'http://images.lpcdn.ca/924x615/201301/02/627778-lien-manifeste-entre-idle-no.jpg'}}, 'article': {'published_time': '2013-01-11 06:00EDT', 'modified_time': '2013-01-11 06:00EDT', 'publisher': 'https://www.facebook.com/LaPresseFB'}, 'fb': {'app_id': 166995983353903, 'admins': 100001148387127}, 'verify-v1': 'xehmvg8QtpAZLH2hipmw6o0J7SCD+4Z+S6+jk/Y9QuE=', 'msapplication-TileColor': '#2b5797', 'msapplication-TileImage': '/mstile-144x144.png', 'theme-color': '#ffffff'})","La campagne de protestations Idle no more a une parenté évidente avec celle d'Occupy, mais aussi avec le printemps érable, trois mouvements populaires qui ont su...",['François Cardinal'],"La campagne de protestations Idle no more a une parenté évidente avec celle d'Occupy, mais aussi avec le printemps érable, trois mouvements populaires qui ont su ébranler les colonnes du temple. Il manque cependant aux autochtones l'ingrédient qui a fait le succès des étudiants...

Les liens entre ces mouvements «grassroots» sont manifestes et multiples en ce qu'ils tablent tous sur une même recette, d'une redoutable efficacité. Ils émanent tous d'une revendication forte exprimée sur la place publique, laquelle fut propulsée sous les projecteurs grâce à un événement hors du commun, l'occupation d'un lieu, des manifestations en série, une grève de la faim.

Pour s'assurer que ces coups d'éclat soient autre chose que des comètes médiatiques, ils ont tous, aussi, développé des racines au-delà des groupes concernés, que ce soit par l'entremise d'un slogan court et puissant, des réseaux sociaux ou d'un symbole facilement reconnaissable: le carré rouge, la plume rouge, #Occupy, #IdleNoMore.

Les autochtones, aidés par une actualité qui tourne au ralenti, ont ainsi réussi à monopoliser la scène médiatique exactement comme l'avaient fait avant eux les étudiants et les occupants. Ils ont su élargir leur bassin de sympathisants, multiplier les appuis politiques partout au pays... et ainsi convaincre l'inflexible Stephen Harper de s'asseoir avec eux afin de discuter dans le blanc des yeux.

Mais là s'arrête le lien entre l'hiver indien et le printemps érable. Car de la même manière que le mouvement Occupy, les Premières Nations ont échoué à préciser et à prioriser les revendications qui l'animent.

Or voilà précisément ce qui a fait le succès de la campagne étudiante, qui a eu un début, une réussite et une fin. Au-delà des demandes de tout un chacun et des divergences entre les associations, l'abandon de la hausse des droits de scolarité émergeait comme l'objectif à atteindre, l'indicateur mesurable de succès.

Les enjeux des peuples autochtones sont autrement plus compliqués que ceux des étudiants. La composition des organisations est aussi bien plus diverse. Et le ras-le-bol prend ses racines non pas dans une saison de mécontentement, mais bien dans l'histoire centenaire du pays.

N'empêche, l'incapacité des Premières Nations d'encapsuler leurs demandes, aussi justes et nécessaires soient-elles, empêche tout gouvernement de leur répondre favorablement avec l'impression que cela calmera les ardeurs.

Le gouvernement le plus sensible à leur sort aurait beau s'attaquer à la question du logement ou à celle de l'éducation, il se ferait accuser de ne rien faire pour favoriser le contrôle des terres et le développement économique, pour assurer le respect de l'environnement et des traités, pour favoriser l'autonomie et le bien-être des peuples autochtones.

«Il y a un réel danger de se retrouver avec un melting-pot d'intérêts sans qu'on réussisse à focusser sur les vrais enjeux», a d'ailleurs reconnu l'ancien négociateur autochtone Armand Mackenzie, cette semaine, sur les ondes de Radio-Canada.

Les autochtones arracheront probablement quelques gains lors de leur rencontre avec le gouvernement Harper, aujourd'hui. Mais en l'absence de priorités claires, il serait surprenant que l'impressionnant rapport de force qu'ils ont su gagner leur apporte satisfaction.",Les racines de la colère,http://www.lapresse.ca/debats/editoriaux/francois-cardinal/201301/10/01-4610192-les-racines-de-la-colere.php
LP_2013111-26,Gilles Gagné,2013-01-11,"defaultdict(<class 'dict'>, {'description': 'La Conférence régionale des élus (CRE) de la Gaspésie et des Îles-de-la-Madeleine donne son appui au mouvement Idle No More et aux revendications des chefs micmacs de...', 'keywords': 'Québec - Le Soleil - Actualités - International- National- Cinéma - Technologie - Habitation - Affaires - Automobile- Environnement - Opinions - Sports - Photos - Vidéos - Voyages', 'og': {'type': 'article', 'title': 'La CRE de la Gaspésie et des Îles appuie  Idle No More | Gilles Gagné, collaboration spéciale | Société', 'description': 'La Conférence régionale des élus (CRE) de la Gaspésie et des Îles-de-la-Madeleine donne son appui au mouvement Idle No More et aux revendications des chefs micmacs de...', 'site_name': 'La Presse', 'locale': 'fr_CA', 'url': 'http://www.lapresse.ca/le-soleil/actualites/societe/201301/10/01-4610252-la-cre-de-la-gaspesie-et-des-iles-appuie-idle-no-more.php', 'image': 'http://images.lpcdn.ca/924x615/201301/09/630563-chef-listuguj-dean-vicaire-ete.jpg'}, 'twitter': {'card': 'summary_large_image', 'site': '@LP_LaPresse', 'title': 'La CRE de la Gaspésie et des Îles appuie  Idle No More | Gilles Gagné, collaboration spéciale | Société', 'description': 'La Conférence régionale des élus (CRE) de la Gaspésie et des Îles-de-la-Madeleine donne son appui au mouvement Idle No More et aux revendications des chefs micmacs de...', 'image': {'src': 'http://images.lpcdn.ca/924x615/201301/09/630563-chef-listuguj-dean-vicaire-ete.jpg'}}, 'apple-itunes-app': 'app-id=451829003, app-argument=cyberpresse://article/4610252', 'fb': {'app_id': 166995983353903, 'admins': 100001148387127}, 'article': {'publisher': 'https://www.facebook.com/LaPresseFB'}, 'verify-v1': 'xehmvg8QtpAZLH2hipmw6o0J7SCD+4Z+S6+jk/Y9QuE='})",La Conférence régionale des élus (CRE) de la Gaspésie et des Îles-de-la-Madeleine donne son appui au mouvement Idle No More et aux revendications des chefs micmacs de...,['Québec - Le Soleil - Actualités - International- National- Cinéma - Technologie - Habitation - Affaires - Automobile- Environnement - Opinions - Sports - Photos - Vidéos - Voyages'],"(Pointe-à-la-Croix) La Conférence régionale des élus (CRE) de la Gaspésie et des Îles-de-la-Madeleine donne son appui au mouvement Idle No More et aux revendications des chefs micmacs de la région, Dean Vicaire de Listuguj, Claude Jeannotte de Gespeg et Guy Condo de Gesgapegiag.

Le président de la CRE, Bertrand Berger, a indiqué que le fait que les Premières Nations aient été écartées de changements dans des lois les concernant rendait tout à fait légitime leur désir d'être entendues. Il ajoute que plusieurs enjeux touchent l'ensemble de la population.

D'ailleurs, autochtones et non-autochtones marcheront de nouveau ensemble aujourd'hui, partant des limites de Pointe-à-la-Croix et Listuguj, pour se diriger vers Campbellton, au Nouveau-Brunswick, en empruntant le pont J.C. Van Horne, de 13h à 15h.",La CRE de la Gaspésie et des Îles appuie Idle No More,http://www.lapresse.ca/le-soleil/actualites/societe/201301/10/01-4610252-la-cre-de-la-gaspesie-et-des-iles-appuie-idle-no-more.php
LP_2013111-45,Vincent Marissal,2013-01-11,"defaultdict(<class 'dict'>, {'description': ""On dira que Stephen Harper n'avait pas vraiment le choix et que devant la grogne grandissante du mouvement  Idle No More  et la grève de la faim de la chef..."", 'keywords': 'Chroniqueur, politique', 'og': {'title': 'Un autre rendez-vous de la dernière chance? | Vincent Marissal | Vincent Marissal', 'description': ""On dira que Stephen Harper n'avait pas vraiment le choix et que devant la grogne grandissante du mouvement  Idle No More  et la grève de la faim de la chef..."", 'url': 'http://www.lapresse.ca/debats/chroniques/vincent-marissal/201301/10/01-4610274-un-autre-rendez-vous-de-la-derniere-chance.php', 'site_name': 'La Presse', 'locale': 'fr_CA', 'type': 'article', 'image': 'http://static.lpcdn.ca/lpweb/lapresse/img/lp_facebook_v3.png'}, 'twitter': {'title': 'Un autre rendez-vous de la dernière chance? | Vincent Marissal | Vincent Marissal', 'description': ""On dira que Stephen Harper n'avait pas vraiment le choix et que devant la grogne grandissante du mouvement  Idle No More  et la grève de la faim de la chef..."", 'site': '@LP_LaPresse', 'image': {'src': 'http://static.lpcdn.ca/lpweb/lapresse/img/lp_facebook_v3.png'}}, 'article': {'published_time': '2013-01-11 05:00EDT', 'modified_time': '2013-01-25 06:49EDT', 'publisher': 'https://www.facebook.com/LaPresseFB'}, 'fb': {'app_id': 166995983353903, 'admins': 100001148387127}, 'verify-v1': 'xehmvg8QtpAZLH2hipmw6o0J7SCD+4Z+S6+jk/Y9QuE=', 'msapplication-TileColor': '#2b5797', 'msapplication-TileImage': '/mstile-144x144.png', 'theme-color': '#ffffff'})",On dira que Stephen Harper n'avait pas vraiment le choix et que devant la grogne grandissante du mouvement  Idle No More  et la grève de la faim de la chef...,"['Chroniqueur', 'politique']","On dira que Stephen Harper n'avait pas vraiment le choix et que devant la grogne grandissante du mouvement Idle No More et la grève de la faim de la chef Theresa Spence, il devait rencontrer les leaders autochtones. Peut-être, mais il faut reconnaître que pour un homme qui n'est pas reconnu pour sa flexibilité, le premier ministre a fait quelques honorables arabesques pour accommoder les chefs des Premières Nations et tenir aujourd'hui une rencontre à Ottawa.

Tant mieux, parce que si nous voulons sincèrement faire quelques progrès dans les dossiers autochtones, il va falloir beaucoup de souplesse. Des deux côtés: au gouvernement fédéral comme chez les Premières Nations.

Les dirigeants autochtones reprochent au gouvernement Harper son intransigeance (notamment, le recours quasi systématique aux tribunaux pour chaque différend), mais certains d'entre eux ont fait preuve ces derniers jours d'un entêtement puéril tout à fait contre-productif. On dessert sa cause auprès de l'opinion publique quand on confond revendications et caprices.

Les autochtones auraient aussi intérêt à accorder leurs violons pour jouer au moins quelques mesures communes, plutôt que d'entretenir cette cacophonie qui enterre le son légitime de leur colère.

Si les méandres des négociations ayant mené à la rencontre d'aujourd'hui sont le reflet des relations entre Ottawa et les autochtones, on comprend mieux l'ampleur du gouffre qui les sépare. Et les défis qui les attendent.

Ce n'est pas pour rien que l'entourage de M. Harper comme les chefs autochtones s'emploient depuis quelques jours à faire baisser les attentes. L'ordre du jour proposé la semaine dernière par Stephen Harper (il y est beaucoup question de développement économique) est vague, mais immense à la fois. De l'autre côté, la frustration des autochtones est exacerbée et le lien de confiance, brisé depuis longtemps.

Quoi qu'il en soit, si tout ce beau monde arrive effectivement à se rencontrer sans que personne parte en claquant la porte au beau milieu des discussions, ce sera déjà ça de pris. S'ils s'entendent pour se revoir, et pas seulement dans un an parce qu'une nouvelle crise éclatera, ce sera encore mieux.

L'insistance des autochtones à inclure le représentant de la reine, le gouverneur général, dans la discussion surprend - dérange même - bien des gens, qui y voient un désagréable relent de monarchie. Mais à bien y penser, David Johnston a le profil parfait du médiateur.

Le premier ministre veut parler de développement économique, le chef de l'Assemblée des Premières Nations veut parler de redevances pour les ressources naturelles, le tout sous fond de tensions juridico-politiques autour des traités historiques.

Avant de parler de développement économique, il faudra bien refaire l'état des lieux et parler franchement de pauvreté, de conditions de vie pitoyables, d'isolement, bref de tout ce qui sous-tend le mouvement Idle No More.

Pas besoin d'études, de rapports ou de nouvelles commissions d'enquête qui prendront des mois, voire des années à nous dire ce que nous savons déjà.

La commission Erasmus-Dussault, ça vous dit quelque chose? Lancée par Brian Mulroney en 1991, elle accoucha finalement, cinq ans plus tard, d'un accablant rapport de 4000 pages faisant état, dans le détail des problèmes qui, 20 ans plus tard, perdurent: pauvreté, suicide, dépendance aux drogues et à l'alcool, chômage, violence...

L'expression tiers-monde au Canada, qu'on entend ces jours-ci, était déjà largement utilisée à l'époque.

Les autochtones avaient qualifié la commission Erasmus-Dussault de «rendez-vous de la dernière chance». Aujourd'hui, deux décennies plus tard, ils parlent d'un rendez-vous historique. En affaires autochtones au Canada, non seulement l'histoire a le hoquet, mais elle souffre en plus d'Alzheimer.

Vous croyez que la misère des autochtones et leur isolement sont nouveaux? Allez sur Google, cherchez la série de John Stackhouse, du Globe and Mail, intitulée «Canada's apartheid», publiée en 2001. Le sort lamentable des autochtones et leur relation avec les gouvernements décrits dans cette série (sur 14 jours!) n'ont guère changé 12 ans plus tard.

Une autre chose n'a pas vraiment changé: le manque de transparence dans la gestion de plusieurs communautés autochtones, qui se replient derrière leur statut de Première Nation et derrière la complaisance des gouvernements pour éviter de rendre des comptes.

Tant que nous perpétuerons le cercle vicieux des réserves dépendantes d'Ottawa mais qui n'ont pas vraiment de comptes à rendre, nous ne ferons qu'élargir le fossé entre les nations autochtones et le reste du pays.

Cela fait l'affaire, à l'évidence, de certains leaders autochtones, qui en tirent profit, et du gouvernement, qui s'évite bien des problèmes en laissant couler.

Parlera-t-on de ça aujourd'hui, à Ottawa? J'en doute.",Un autre rendez-vous de la dernière chance?,http://www.lapresse.ca/debats/chroniques/vincent-marissal/201301/10/01-4610274-un-autre-rendez-vous-de-la-derniere-chance.php
LP_2013111-168,Joël-Denis Bellavance,2013-01-11,"defaultdict(<class 'dict'>, {'description': ""Puisqu'il craint une escalade des tensions au pays, Stephen Harper prend en main le dossier complexe des traités et des revendications des communautés autochtones et..."", 'keywords': 'Parti Conservateur, Parti Libéral, Bloc Québécois, Nouveau Parti Démocratique, Conservateurs, Libéraux, Bloquistes, NPD, budget', 'og': {'title': 'Les Premières nations deviennent une priorité | Joël-Denis Bellavance | Politique canadienne', 'description': ""Puisqu'il craint une escalade des tensions au pays, Stephen Harper prend en main le dossier complexe des traités et des revendications des communautés autochtones et..."", 'url': 'http://www.lapresse.ca/actualites/politique/politique-canadienne/201301/11/01-4610421-les-premieres-nations-deviennent-une-priorite.php', 'site_name': 'La Presse', 'locale': 'fr_CA', 'type': 'article', 'image': 'http://images.lpcdn.ca/924x615/201301/11/632389-quelques-milliers-manifestants-converge-parlement.jpg'}, 'twitter': {'title': 'Les Premières nations deviennent une priorité | Joël-Denis Bellavance | Politique canadienne', 'description': ""Puisqu'il craint une escalade des tensions au pays, Stephen Harper prend en main le dossier complexe des traités et des revendications des communautés autochtones et..."", 'site': '@LP_LaPresse', 'card': 'summary_large_image', 'image': {'src': 'http://images.lpcdn.ca/924x615/201301/11/632389-quelques-milliers-manifestants-converge-parlement.jpg'}}, 'article': {'published_time': '2013-01-11 10:31EDT', 'modified_time': '2013-01-12 00:00EDT', 'publisher': 'https://www.facebook.com/LaPresseFB'}, 'apple-itunes-app': 'app-id=451829003, app-argument=cyberpresse://article/4610421', 'fb': {'app_id': 166995983353903, 'admins': 100001148387127}, 'verify-v1': 'xehmvg8QtpAZLH2hipmw6o0J7SCD+4Z+S6+jk/Y9QuE=', 'msapplication-TileColor': '#2b5797', 'msapplication-TileImage': '/mstile-144x144.png', 'theme-color': '#ffffff'})","Puisqu'il craint une escalade des tensions au pays, Stephen Harper prend en main le dossier complexe des traités et des revendications des communautés autochtones et...","['Parti Conservateur', 'Parti Libéral', 'Bloc Québécois', 'Nouveau Parti Démocratique', 'Conservateurs', 'Libéraux', 'Bloquistes', 'NPD', 'budget']","(Ottawa) Puisqu'il craint une escalade des tensions au pays, Stephen Harper prend en main le dossier complexe des traités et des revendications des communautés autochtones et s'engage à rencontrer de nouveau le chef de l'Assemblée des Premières Nations (APN), Shawn Atleo, d'ici quelques semaines pour établir «les prochaines étapes à franchir».

Pendant la rencontre, quelque 3000 autochtones ont manifesté devant la colline parlementaire et des manifestations organisées par le mouvement Idle No More ont eu lieu dans des dizaines de villes au pays, parmi lesquelles Montréal .

Au terme d'une rencontre de près de quatre heures avec le chef Shawn Atleo et une vingtaine de leaders autochtones, M. Harper a dit être «résolu à maintenir un dialogue permanent» au sujet des enjeux liés aux autochtones et à «franchir des étapes réalisables qui donneront de meilleurs résultats pour les communautés des Premières Nations».

Le dossier autochtone, propulsé au premier plan de l'actualité au pays au cours des dernières semaines par le mouvement Idle No More, la grève de la faim menée par la chef d'Attawapiskat Theresa Spence depuis un mois et une décision de la Cour fédérale favorable aux Métis, devient donc une priorité au plus haut échelon de l'appareil gouvernemental à Ottawa.

M. Harper a finalement assisté à toute la rencontre avec les leaders autochtones, alors qu'il ne prévoyait être présent qu'une heure en tout. Cette décision a permis un «rapprochement», selon un chef présent à la rencontre, et donné lieu à des échanges «cordiaux et respectueux».

«Le premier ministre a accepté d'entreprendre des dialogues de haut niveau au sujet des relations découlant des traités et des revendications globales. Le premier ministre a reconnu le besoin d'accroître la supervision du cabinet du premier ministre et du Bureau du Conseil privé relativement aux dossiers touchant les autochtones», a fait savoir le bureau du premier ministre au terme de la rencontre.

Selon des informations obtenues par La Presse, le premier ministre s'est aussi montré ouvert à l'idée d'entreprendre des discussions au sujet d'une formule de partage des revenus provenant de l'exploitation des ressources naturelles - une des demandes formulées par le chef Shawn Atleo en conférence de presse jeudi. Mais M. Harper a fait valoir à ses interlocuteurs que la gestion des ressources naturelles relève des provinces et que celles-ci doivent avoir leur mot à dire dans ces discussions.

«Nous avons réussi à faire avancer un peu les choses aujourd'hui», a déclaré en soirée le chef Shawn Atleo dans un communiqué de presse. «Le premier ministre a écouté respectueusement les chefs et a répondu à toutes les questions qu'ils ont soulevées. Et pour la première fois, il a donné un mandat clair pour un dialogue de haut niveau sur la mise en oeuvre des traités et sur les revendications globales.»

La rencontre de vendredi s'est déroulée malgré la décision de certains leaders autochtones du Manitoba et de l'Ontario de la boycotter, en guise de solidarité avec la chef Theresa Spence, parce que le gouverneur général David Johnston n'y participait pas.

Selon eux, la présence du gouverneur général était essentielle parce qu'il représente les intérêts de la Couronne, signataire des traités avec les peuples autochtones au XVIIIe siècle. Le gouverneur général a organisé une rencontre protocolaire avec des dirigeants des Premières Nations, vendredi en soirée, et Mme Spence a finalement décidé de s'y rendre. Malgré tout, elle compte poursuivre sa diète liquide, car elle se dit insatisfaite des résultats de la rencontre.

M. Harper a donné suite à certaines des demandes de l'APN. Mais il a écarté l'idée d'abolir des clauses des projets de loi «mammouths» C-38 et C-45 visant à mettre en oeuvre le dernier budget fédéral, notamment celles touchant la protection des eaux navigables.

En point de presse vendredi soir, le ministre des Affaires indiennes, John Duncan, a indiqué qu'il n'était pas en mesure de dire si les résultats permettront de satisfaire le mouvement Idle No More, qui prend de l'ampleur au pays.

Des leaders autochtones de l'Ontario ont menacé vendredi de bloquer des routes et des voies ferroviaires la semaine prochaine s'ils n'obtenaient pas des concessions du gouvernement fédéral.",Les Premières nations deviennent une priorité,http://www.lapresse.ca/actualites/politique/politique-canadienne/201301/11/01-4610421-les-premieres-nations-deviennent-une-priorite.php
LP_2013111-195,Lina Dib et Stéphanie Marin,2013-01-11,"defaultdict(<class 'dict'>, {'description': 'La réunion entre Stephen Harper et des leaders des Premières Nations a finalement eu lieu vendredi après-midi, sur fond de controverse, alors que de nombreux chefs...', 'keywords': 'Québec - Le Soleil - Actualités - International- National- Cinéma - Technologie - Habitation - Affaires - Automobile- Environnement - Opinions - Sports - Photos - Vidéos - Voyages', 'og': {'type': 'article', 'title': 'La réunion entre Harper et les Autochtones se déroule sous fond de controverse | Lina Dib et Stéphanie Marin | Politique', 'description': 'La réunion entre Stephen Harper et des leaders des Premières Nations a finalement eu lieu vendredi après-midi, sur fond de controverse, alors que de nombreux chefs...', 'site_name': 'La Presse', 'locale': 'fr_CA', 'url': 'http://www.lapresse.ca/le-soleil/actualites/politique/201301/11/01-4610453-la-reunion-entre-harper-et-les-autochtones-se-deroule-sous-fond-de-controverse.php', 'image': 'http://images.lpcdn.ca/924x615/201301/11/632403-quelques-milliers-manifestants-converge-colline.jpg'}, 'twitter': {'card': 'summary_large_image', 'site': '@LP_LaPresse', 'title': 'La réunion entre Harper et les Autochtones se déroule sous fond de controverse | Lina Dib et Stéphanie Marin | Politique', 'description': 'La réunion entre Stephen Harper et des leaders des Premières Nations a finalement eu lieu vendredi après-midi, sur fond de controverse, alors que de nombreux chefs...', 'image': {'src': 'http://images.lpcdn.ca/924x615/201301/11/632403-quelques-milliers-manifestants-converge-colline.jpg'}}, 'apple-itunes-app': 'app-id=451829003, app-argument=cyberpresse://article/4610453', 'fb': {'app_id': 166995983353903, 'admins': 100001148387127}, 'article': {'publisher': 'https://www.facebook.com/LaPresseFB'}, 'verify-v1': 'xehmvg8QtpAZLH2hipmw6o0J7SCD+4Z+S6+jk/Y9QuE='})","La réunion entre Stephen Harper et des leaders des Premières Nations a finalement eu lieu vendredi après-midi, sur fond de controverse, alors que de nombreux chefs...",['Québec - Le Soleil - Actualités - International- National- Cinéma - Technologie - Habitation - Affaires - Automobile- Environnement - Opinions - Sports - Photos - Vidéos - Voyages'],"La réunion entre Stephen Harper et des leaders des Premières Nations a finalement eu lieu vendredi après-midi, sur fond de controverse, alors que de nombreux chefs l'ont boycottée et ont haussé le ton.

Mais reste à voir ce qui peut être accompli lors d'une réunion de quatre heures seulement, vu la diversité des nations autochtones, la complexité des enjeux et les divisions entre les chefs qui sont ressorties encore plus clairement dans la semaine qui a précédé la rencontre.

La réunion de travail s'est mise en branle en début d'après-midi à Ottawa, alors que retentissaient sur la colline parlementaire tambours et chants traditionnels.

Les quelques milliers de manifestants qui ont convergé vers le parlement, vendredi midi, se sont aussi dirigés vers l'édifice Langevin, de l'autre côté de la rue, qui abrite les bureaux du premier ministre Harper.

Les manifestants, qui se sont heurtés à des portes closes, ont essayé tout de même de pénétrer à l'intérieur de l'édifice, certains frappant avec grand bruit sur les portes.

Les chefs du Manitoba menaient la marche vers le bureau du premier ministre.

«Allez Stephen, mes chefs sont là. Viens nous voir. Pour parler de nation à nation. Sois un homme», a crié l'un d'eux plusieurs fois sous les fenêtres du premier ministre.

Le premier ministre, qui avait suscité la grogne de certains chefs après avoir annoncé qu'il ne serait présent que du début et de la fin de la rencontre, a décidé d'y assister au complet, a fait savoir son bureau.

Parmi ceux qui ont participé à la marche, se trouvaient beaucoup d'Autochtones du mouvement de protestation «Idle No More» (la passivité, c'est fini), en habit cérémonial, dont des personnes âgées et des enfants, portant des affiches et des drapeaux de leurs nations, mais aussi des citoyens non autochtones qui voulaient apporter leur soutien à la cause.

Appel au boycott de Spence

Vendredi matin, celle qui est devenu le symbole de cette crise, Theresa Spence, avait donné le ton en sortant de son campement de l'île Victoria, à Ottawa, pour en appeler au boycott de la réunion.

«Cette réunion aurait dû se tenir depuis tant d'années», a déclaré la chef d'Attawapiskat, manifestement affaiblie par un mois de diète liquide. Mais elle maintient que ce doit être une rencontre entre les chefs, le gouverneur général et le premier ministre. La présence du représentant de la reine est essentielle, a-t-elle affirmé, puisque les nations autochtone ont signé les traités avec la Couronne britannique.

Insatisfaite de la tournure des événements, la chef Spence continue à ne s'alimenter que de bouillon de poisson et d'infusion médicinale, sans préciser ce qui doit être accompli pour qu'elle recommence à manger.

Les chefs de l'Ontario ont appuyé Mme Spence et exigé que le chef national de l'Assemblée des Premières Nations, Shawn Atleo, renonce à participer à la rencontre. «Nous lui disons aujourd'hui de ne pas y aller», ont lancé en choeur Gordon Peters et Harvey Yesno. Chez les chefs manitobains, on discutait de la possibilité d'un vote de non-confiance qui minerait le leadership du chef Atleo.

Mais ce dernier a l'appui des chefs du Québec et du Labrador.

«Notre intention à nous, c'est de saisir cette opportunité de présenter un message clair au niveau du gouvernement du Canada», a expliqué Ghislain Picard, chef de l'Assemblée des Premières Nations du Québec et du Labrador, en point de presse.

À ses côtés, Matthew Coon Come a insisté sur la nécessité de profiter de la porte ouverte par Stephen Harper. Tous deux disent qu'il y a urgence de rétablir le processus politique entre le gouvernement et leurs peuples.

Les deux lois omnibus «38, 45, c'est juste des exemples. Ce sont des gouttes qui ont fait déborder le vase, a élaboré M. Picard. Au-delà de cela, c'est qu'il y a absence d'un processus politique réel dans ce pays entre le gouvernement fédéral et les Premières Nations et c'est ce qu'on cherche à rétablir.»

Les chefs de l'Ontario n'en sont plus là. Ils disent que si le premier ministre et le gouverneur général ne se présentent pas à l'hôtel où ils sont réunis, vendredi, il y aura une escalade.

Le 16 janvier, les autochtones de l'Ontario bloqueront tous les «corridors» de la province, à savoir routes et chemins de fer, pour nuire au transport des marchandises.

Rencontre parallèle

Le gouverneur général David Johnston a confirmé la tenue de la rencontre protocolaire de vendredi soir, qui aura lieu malgré les divisions entre les diverses nations autochtones.

Cette rencontre parallèle avait initialement été organisée à la demande de Stephen Harper qui cherchait à apaiser certains chefs, dont Theresa Spence, qui exigeaient la présence du représentant de la reine lors de la réunion avec le premier ministre. Mais cette concession n'a pas été jugée suffisante, puisqu'ils continuent à demander que le gouverneur soit à la même table que M Harper.

Lundi, le gouvernement fédéral avait rendu publique une vérification comptable de la réserve d'Attawapiskat qui soulignait l'absence de documents pour justifier la majorité des dépenses entre 2005 et 2011. Un geste qui, à quelques jours de la rencontre, avait jeté de l'huile sur le feu dans les relations déjà tendues entre Ottawa et les Premières Nations.

Muette jusqu'à maintenant au sujet du rapport comptable controversé - se contentant de dire qu'il avait été dévoilé quelques jours avant la rencontre avec le gouvernement dans le but de la discréditer - la chef Spence a formulé des commentaires pour la première fois vendredi sur la façon dont sa réserve du nord de l'Ontario dépense les fonds reçus du gouvernement.

Et cela, en réponse aux cris d'un homme qui demandait «Where did the money go Chief Theresa?» («où est allé l'argent, Chef Theresa?»).

L'argent serait en fait dépensé hors de sa communauté, a-t-elle fait valoir, pour acheter des matériaux et pour payer des entreprises de construction, des consultants, des avocats - et aussi pour payer des taxes.

«La majorité des fonds gouvernementaux que nous avons, ils vous sont retournés, à vous les contribuables», a-t-elle dit, essoufflée par sa courte déclaration aux médias.

Elle a aussi dit que le gouvernement a fait de fausses déclarations au sujet de l'argent que sa communauté reçoit.

«C'est pourquoi il est important de renouer avec cette relation, parce que le gouvernement a abusé de nous et a violé les terres», avait déclaré Mme Spence.",La réunion entre Harper et les Autochtones se déroule sous fond de controverse,http://www.lapresse.ca/le-soleil/actualites/politique/201301/11/01-4610453-la-reunion-entre-harper-et-les-autochtones-se-deroule-sous-fond-de-controverse.php
LP_2013111-210,Philippe Teisceira-Lessard,2013-01-11,"defaultdict(<class 'dict'>, {'description': ""Quelques centaines d'Autochtones et de sympathisants sont réunis devant les portes du Palais des congrès de Montréal dans le sillage du mouvement Idle no more."", 'keywords': 'La Presse', 'og': {'title': 'Manifestation au soutien des Autochtones à Montréal | Philippe Teisceira-Lessard | Montréal', 'description': ""Quelques centaines d'Autochtones et de sympathisants sont réunis devant les portes du Palais des congrès de Montréal dans le sillage du mouvement Idle no more."", 'url': 'http://www.lapresse.ca/actualites/montreal/201301/11/01-4610477-manifestation-au-soutien-des-autochtones-a-montreal.php', 'site_name': 'La Presse', 'locale': 'fr_CA', 'type': 'article', 'image': 'http://images.lpcdn.ca/924x615/201301/10/630688-rassemblement-lieu-devant-palais-congres.jpg'}, 'twitter': {'title': 'Manifestation au soutien des Autochtones à Montréal | Philippe Teisceira-Lessard | Montréal', 'description': ""Quelques centaines d'Autochtones et de sympathisants sont réunis devant les portes du Palais des congrès de Montréal dans le sillage du mouvement Idle no more."", 'site': '@LP_LaPresse', 'card': 'summary_large_image', 'image': {'src': 'http://images.lpcdn.ca/924x615/201301/10/630688-rassemblement-lieu-devant-palais-congres.jpg'}}, 'article': {'published_time': '2013-01-11 13:37EDT', 'modified_time': '2013-01-11 16:31EDT', 'publisher': 'https://www.facebook.com/LaPresseFB'}, 'apple-itunes-app': 'app-id=451829003, app-argument=cyberpresse://article/4610477', 'fb': {'app_id': 166995983353903, 'admins': 100001148387127}, 'verify-v1': 'xehmvg8QtpAZLH2hipmw6o0J7SCD+4Z+S6+jk/Y9QuE=', 'msapplication-TileColor': '#2b5797', 'msapplication-TileImage': '/mstile-144x144.png', 'theme-color': '#ffffff'})",Quelques centaines d'Autochtones et de sympathisants sont réunis devant les portes du Palais des congrès de Montréal dans le sillage du mouvement Idle no more.,['La Presse'],"Quelques centaines d'Autochtones et de sympathisants sont réunis devant les portes du Palais des congrès de Montréal dans le sillage du mouvement Idle no more.

Plusieurs orateurs, dont Viviane Michel, présidente de Femmes autochtones du Québec, ont pris la parole pour exprimer leur solidarité avec les autres manifestants partout au Canada.

«On se bat contre la loi C-45, une loi qui nous oublie complètement, a expliqué Viviane Michel. On n'a même pas été consultés, onn'a même pas été approchés pour savoir ce qu'on en pense, alors que ça parle de nos droits.»

Des artistes ont aussi interprété des airs en s'accompagnant de tambours.",Manifestation au soutien des Autochtones à Montréal,http://www.lapresse.ca/actualites/montreal/201301/11/01-4610477-manifestation-au-soutien-des-autochtones-a-montreal.php
LP_2013111-232,National,2013-01-11,"defaultdict(<class 'dict'>, {'description': 'Une vingtaine de personnes ont bloqué vendredi le chemin de fer du Canadien National qui relie Halifax et Truro, en Nouvelle-Écosse, en appui au mouvement autochtone...', 'keywords': 'Actualités nationales', 'og': {'title': 'Des autochtones bloquent un chemin de fer en Nouvelle-Écosse | National', 'description': 'Une vingtaine de personnes ont bloqué vendredi le chemin de fer du Canadien National qui relie Halifax et Truro, en Nouvelle-Écosse, en appui au mouvement autochtone...', 'url': 'http://www.lapresse.ca/actualites/national/201301/11/01-4610520-des-autochtones-bloquent-un-chemin-de-fer-en-nouvelle-ecosse.php', 'site_name': 'La Presse', 'locale': 'fr_CA', 'type': 'article', 'image': 'http://static.lpcdn.ca/lpweb/lapresse/img/lp_facebook_v3.png'}, 'twitter': {'title': 'Des autochtones bloquent un chemin de fer en Nouvelle-Écosse | National', 'description': 'Une vingtaine de personnes ont bloqué vendredi le chemin de fer du Canadien National qui relie Halifax et Truro, en Nouvelle-Écosse, en appui au mouvement autochtone...', 'site': '@LP_LaPresse', 'image': {'src': 'http://static.lpcdn.ca/lpweb/lapresse/img/lp_facebook_v3.png'}}, 'article': {'published_time': '2013-01-11 14:56EDT', 'modified_time': '2013-01-11 14:56EDT', 'publisher': 'https://www.facebook.com/LaPresseFB'}, 'apple-itunes-app': 'app-id=451829003, app-argument=cyberpresse://article/4610520', 'fb': {'app_id': 166995983353903, 'admins': 100001148387127}, 'verify-v1': 'xehmvg8QtpAZLH2hipmw6o0J7SCD+4Z+S6+jk/Y9QuE=', 'msapplication-TileColor': '#2b5797', 'msapplication-TileImage': '/mstile-144x144.png', 'theme-color': '#ffffff'})","Une vingtaine de personnes ont bloqué vendredi le chemin de fer du Canadien National qui relie Halifax et Truro, en Nouvelle-Écosse, en appui au mouvement autochtone...",['Actualités nationales'],"Une vingtaine de personnes ont bloqué vendredi le chemin de fer du Canadien National qui relie Halifax et Truro, en Nouvelle-Écosse, en appui au mouvement autochtone Idle No More.

Les manifestants, issus de la Première Nation Millbrook, ont placé vers 13 h des palettes de bois et une voiture sur la voie ferrée à Truro.

Ce chemin de fer, qui traverse la réserve de Millbrook, sert au transport des marchandises et des voyageurs.

Selon le chef Bob Gloade, le barrage restera en place jusqu'à 17 h.

Un porte-parole du CN, Jim Feeny, a indiqué que le transporteur négocie avec les organisateurs de la manifestation afin de laisser passer quand même les convois.

Le chef Gloade explique que le barrage a obtenu l'appui du conseil de bande et s'inscrit dans le mouvement de protestation Idle No More, qui s'exprime dans des manifestations un peu partout au pays ce vendredi.

Via Rail a indiqué dans un courriel qu'il avait transporté 53 passagers de Halifax à Truro par autocar, et qu'un train devait partir ensuite de Truro pour effectuer le reste du périple vers le centre du pays.",Des autochtones bloquent un chemin de fer en Nouvelle-Écosse,http://www.lapresse.ca/actualites/national/201301/11/01-4610520-des-autochtones-bloquent-un-chemin-de-fer-en-nouvelle-ecosse.php
